last_name,first_name,date_of_birth,phone_number
Yang,Brianna,1991-09-15,001-265-618-8095x88059
Sullivan,Shelia,1939-10-21,226.697.1750
Hernandez,James,1925-07-02,876.448.3963
Roman,Thomas,1982-10-06,(036)327-5303x9140
Avila,Sarah,1964-07-09,455-893-3133
Rosales,Cindy,1979-11-27,556.005.4818
Powell,Lisa,1918-12-28,+1-816-682-0064x7511
Mejia,Sarah,2007-03-16,366-545-0970x84949
Mcmahon,Jordan,1933-04-13,001-126-414-8391x25132
Nguyen,Adrian,1938-02-02,0429733541
Bryant,Christine,1964-09-21,(891)270-8925x277
Frye,Amy,1943-10-26,8493122803
Morrison,Anthony,1972-07-20,(934)150-1806x9148
Harris,Kimberly,1940-07-13,001-931-533-2410x264
Hayes,James,2012-11-17,5118592582
Gomez,Kevin,1930-11-29,549.151.8995x61644
Gutierrez,Rebecca,2019-01-03,253-378-0985x2940
Frye,Jeffrey,1991-06-22,071-890-2556x68618
Zimmerman,Gina,1964-08-12,(540)764-4488
Wright,Danielle,1975-04-04,001-079-932-7906x26948
Jefferson,Zachary,1994-05-23,414-686-9700
Perez,Jonathan,1978-08-17,730.684.1222x01823
Simmons,Lisa,1992-11-20,(865)578-0739x1931
Maddox,James,1974-04-04,936.547.9557x2298
Moran,Maria,1917-05-04,3404994638
Vazquez,Steve,2019-05-06,(525)684-4433x79808
King,Nathan,1947-08-20,483.122.5330
Kline,Jeff,1952-04-29,545-618-2494x41270
Serrano,Breanna,1969-09-19,8551694009
Burton,Brett,1929-12-10,+1-057-219-1318x8547
Rodriguez,Emily,1927-06-12,+1-348-541-4212x9053
Rice,Patricia,1990-02-12,9289307444
Wilson,Joseph,1922-08-22,(714)664-7966x565
Black,Nancy,1994-12-13,296-236-9081x7692
Greer,Amanda,1921-12-06,8938195077
Evans,Karen,1916-07-17,001-326-067-2702
Shelton,David,1996-09-28,(530)348-1770
Bentley,Marc,1931-03-13,(095)719-8211x7764
Conley,Justin,1978-08-11,(054)447-1110
Shelton,Christopher,1947-05-19,001-396-767-3655
Roberts,Karen,1924-12-13,8541968175
Williams,Patricia,2015-01-01,923-928-2842
Clark,David,1954-11-08,074-344-6042x78999
Cortez,Grace,1922-03-02,576-264-8638
Garza,Denise,1932-01-13,797.054.7190x572
Gutierrez,Jessica,1975-10-29,(904)437-6584x987
Kennedy,Cindy,2015-08-16,6218989184
Perry,John,2007-03-04,+1-310-614-0021
Andrews,Patricia,1994-06-21,035-251-4154
Henry,Danielle,1995-07-06,001-878-435-7277
Skinner,Scott,1924-11-29,886.295.9150
Ramirez,Curtis,1990-12-30,001-495-233-1046x181
Travis,Kristin,1918-09-10,001-425-923-2117x051
Brown,Desiree,1986-09-29,068-730-5244
Pearson,Jeffrey,1994-01-25,(252)404-2516x814
Stewart,Daniel,2009-07-13,850.896.8862
Morrison,Maria,1981-10-25,858.379.6394x69972
Roberts,Krystal,1946-11-27,+1-520-528-6279x765
Davis,Shawn,1927-02-22,001-171-414-8965
Barron,Alan,2020-04-03,+1-538-672-6861
Gentry,Mary,1924-03-20,001-691-087-1133x40053
Gonzalez,Mitchell,1980-11-06,004-578-5802
Walton,Susan,2018-08-19,452-061-2959
Cuevas,Robin,1930-10-31,600-489-3790x95822
Cervantes,Jonathan,1927-05-05,1354008651
Robbins,Hannah,1981-06-08,(596)967-8218
Ayers,Courtney,2013-08-28,288-048-0345
Cortez,Stephanie,1971-10-23,866.853.7270x51950
Foster,Matthew,1961-05-24,(327)248-7449
Perkins,Rick,2002-11-14,(614)643-3990
Taylor,Stephanie,1939-04-20,+1-227-610-5748
Case,Lisa,1967-04-10,(884)510-9667x9439
Russell,Keith,1917-08-14,+1-696-079-7122x3355
Rios,Jessica,1997-07-18,243-065-4815x29175
Guzman,Tammy,1983-06-25,(765)692-0846
Ali,Jane,2014-01-03,902-709-5242x362
Hoover,Melissa,2006-12-26,373.431.6253x0623
Lee,Paige,2014-11-08,(246)941-1582x0640
Johnson,Brittany,1963-08-10,502-553-2984x16964
Walker,Rebecca,2019-01-15,001-839-972-1552x10161
Harris,Austin,1989-02-13,+1-662-322-2818x86257
Warner,Heather,1988-03-14,3441622375
Torres,Christopher,1920-06-03,945-439-9447x0809
Barber,Angela,1924-05-08,765-482-5100x759
Stark,Tara,1924-06-01,423.934.5834
Sanchez,Jesus,1930-09-06,+1-829-882-9347
Higgins,Matthew,1926-01-13,377-793-2696
Greene,Alicia,1934-01-31,546.136.0319x66299
Robinson,Tanya,1917-12-27,+1-332-889-1965x064
Medina,Valerie,1951-05-12,(967)061-5700
Jennings,Christopher,1946-02-04,+1-049-938-7147x824
Russell,Jonathan,1964-11-04,726.249.9635
Solomon,Amy,1983-09-01,+1-978-530-7715x1674
Lyons,Julian,1939-07-27,(186)591-9456
Kelley,Monica,1954-09-23,156.711.2318x354
Aguilar,Sheryl,2016-01-30,089.443.6288
Holland,James,1922-12-06,(473)633-3272x06613
Johnson,Samuel,1986-03-29,001-386-377-1932x81743
Robinson,Richard,1960-02-22,720-634-2736
Salinas,Megan,1937-08-20,+1-931-069-0439
Cohen,Danielle,1926-08-16,8454081611
Santos,Andrea,1938-05-26,+1-031-678-4086
Foster,Jessica,1965-08-14,+1-023-110-3291x48281
Thomas,Mary,2021-12-22,(332)086-5214x71508
Thompson,Andrew,1973-10-18,001-346-004-0667x9943
Palmer,Ricky,1976-08-11,887-059-7254x1042
Garrett,Natasha,1948-05-14,(502)886-1142x37403
Glass,Robert,1922-05-06,8388637234
Howard,Melinda,1962-04-26,198-360-3382x67820
Reyes,Michael,1979-06-30,001-694-528-6910x19442
Coffey,Albert,2018-07-07,032.729.5022x57572
Eaton,Monica,1980-11-13,+1-852-897-1309x67787
Carroll,Michele,1956-07-31,944-806-8746x60307
Adams,Ethan,1973-07-22,012.214.6072x49497
Smith,Emily,1948-01-29,(896)470-7727
Gonzalez,Andrew,1976-12-05,417.060.5250
Brown,Patricia,1986-04-22,(321)199-5072x588
Sawyer,Nichole,1960-09-02,266-915-6618x588
Evans,Roger,1974-05-05,244-907-2592x4041
Gray,Timothy,1995-07-05,6339080573
Ray,Henry,1924-06-16,3278419006
Mitchell,Jacob,1958-12-05,001-836-078-8402
Mora,Mark,1943-04-19,228.092.3177x8891
Smith,Gregory,1935-06-04,5496994319
Werner,Eric,1906-09-02,001-530-082-1867x33548
Lopez,Jimmy,1990-12-24,+1-813-932-5203x12894
Moore,Spencer,1970-01-30,392-758-2598x120
Ortiz,Daniel,1965-08-28,867.730.1775x674
Padilla,Hunter,1942-07-06,(863)030-7368
Campbell,Mary,2012-03-08,001-035-854-2751
Lindsey,Jamie,1926-03-25,+1-310-071-1453x6699
Burns,Darrell,1997-08-16,179.127.7304
Thornton,Daniel,1947-09-25,+1-311-372-4153x8880
Johnson,Michael,1907-09-01,1048065846
Craig,Cynthia,1966-12-30,867-211-0213x839
Garcia,Nicole,1984-02-21,837.360.7774x1686
Espinoza,Scott,2016-07-28,824-664-3176
Smith,Joshua,1957-04-08,(254)150-0632
Shaw,Lori,1933-07-31,423.751.7963
Baker,Sarah,1974-01-13,+1-590-711-3186x446
Juarez,Steven,1939-11-12,063.413.0941x02327
Paul,Mary,1997-03-05,618.368.4432
Charles,Jacqueline,1960-06-15,001-051-767-6583
Norton,Joe,1915-12-05,001-579-837-2234
Martin,Daniel,1936-10-21,8491476677
Sullivan,Eric,1998-11-14,001-326-138-2205
Barrera,Angela,1922-12-11,001-155-765-2656x614
Rodriguez,Patricia,1929-02-26,+1-500-001-0230x7204
Peterson,Dawn,1941-01-07,001-452-782-7301x84982
Garcia,Amber,1996-02-16,+1-744-895-0552
Flynn,John,1948-09-02,0168247743
Shah,Lisa,1991-08-18,340.109.6026
Miller,Daniel,1924-03-28,+1-085-124-0019x8029
Mueller,Holly,1918-01-27,444.735.9579x8763
Shaw,Rebecca,1939-02-18,+1-627-989-2289x9710
Wright,Morgan,1933-07-29,+1-497-173-7380x665
Scott,Larry,2014-10-17,001-664-789-9366
Diaz,Craig,1949-03-23,123.376.3897
Pitts,John,1974-02-21,001-170-215-2910x4879
Johnson,Duane,1971-10-23,+1-161-911-8271x7464
Anderson,Cameron,1985-04-26,001-803-589-3433x0302
Stewart,Chad,1979-12-24,953-959-8393
Lucas,Nicholas,1999-09-24,001-952-149-3043x039
Simpson,Madison,1950-01-25,856-364-0194
Le,Cynthia,1955-10-22,+1-892-170-2558x77771
Horton,Carl,2006-07-03,+1-211-698-6798x215
Deleon,Jesse,1973-02-21,(099)874-1000
Burns,James,1973-01-27,+1-445-206-8340x613
Hawkins,Christopher,2017-11-03,+1-568-582-6526x5349
Delgado,Cameron,1923-02-18,052.270.5130
Martin,Jade,2000-10-28,478.567.4847
Perkins,Holly,1968-03-07,+1-372-556-0182x2590
Brooks,Virginia,1956-09-06,001-072-946-6433x8944
Livingston,Emily,1940-05-22,035.552.7300
Paul,Barbara,1916-11-15,345.092.7837
Ballard,Gloria,2014-08-25,137-295-1955x014
Howard,Alejandro,1929-09-19,(277)711-5080
Sharp,Robert,1932-03-26,001-156-680-2579x618
Anderson,Alicia,2011-03-15,8410401041
Bell,Heather,1926-02-13,6336745831
Combs,Alexandria,1939-03-08,177-199-7592x2998
Wilson,Morgan,1977-10-29,(746)695-6666
Campbell,Lisa,1932-09-13,220.903.9683x839
Walker,Timothy,1939-07-27,+1-266-577-8309
Wilkins,Kelly,2019-11-04,(635)601-0739x29312
Cox,Ronnie,1954-06-14,733-338-9963x3787
Gates,Valerie,1982-05-25,+1-877-547-1663x0162
Huffman,Patrick,1915-09-11,(534)750-5387x38736
Dougherty,Cheryl,1982-04-12,0298724456
Cook,Scott,1992-12-31,(586)890-4996
Conner,Richard,1932-09-27,1723292481
Jones,Randy,2004-02-10,(627)837-2521x3643
Woods,Ann,1963-10-25,086-217-0557x538
Hall,Todd,1908-06-01,247-186-0998
Smith,Terry,1954-08-29,+1-053-877-9126x638
Calhoun,Pamela,1915-03-17,(480)433-9885x564
Sampson,Barbara,1939-09-04,668.744.2781
Crawford,Joshua,1959-11-29,743.601.5151x77217
Hill,Nicholas,1964-04-16,830.708.7927x40925
Diaz,Daniel,1959-06-16,931-597-0449x97309
Collins,Laura,1941-12-01,001-916-475-9601x32710
Martinez,Thomas,1984-06-05,4185755852
Eaton,Zachary,1909-01-02,026.632.6759x117
Burns,Ricky,2004-04-11,596.437.7741x074
Hobbs,Heather,1943-08-09,(246)961-2978
Brown,Sandra,2005-10-04,(612)079-6872
Ball,Nicole,1918-01-19,(082)988-7077x0250
Leonard,Bryan,1993-11-05,+1-895-416-7990x4244
Pratt,Maria,1959-10-21,959.317.5210x0343
Suarez,Cheryl,1932-04-06,1157196709
Vang,Michelle,2000-09-10,(277)175-1510
Thompson,Erica,1932-03-25,001-062-325-8487x6912
Alexander,Travis,1954-09-28,001-290-051-2388x791
Butler,Erika,1913-04-14,584.699.2690
Schneider,Tracy,2013-10-21,723.180.1393x751
Downs,William,1964-06-26,623-565-4902
Vaughn,Christopher,2009-01-27,6016215360
Martin,Andrea,1978-04-30,215-934-0100x034
Wilcox,Deborah,1950-01-31,001-970-255-9620x4659
Hammond,Tonya,1982-06-06,+1-728-556-9687x3189
Jimenez,Kelly,1997-01-28,(033)033-0443x80827
Vasquez,William,1987-09-20,+1-683-255-0516
Anderson,Jessica,2007-03-21,(184)858-0988
Vega,Victoria,2017-12-05,(636)710-6469x73904
Alexander,James,2021-10-18,+1-270-330-6829
Torres,Mark,1918-09-23,001-251-213-1383x22469
Medina,Melissa,1910-11-17,0261949001
Rhodes,Roy,2004-09-21,+1-234-351-2191x19840
Foster,Luis,1941-02-08,001-380-619-6306x355
Perez,Cynthia,1951-10-06,3753343050
Quinn,Laura,2020-12-05,079-004-6348x130
Tate,Christopher,1910-06-01,110.386.5095
Hernandez,Sierra,1937-09-20,3234606611
Fernandez,Denise,2021-12-04,(670)224-7504x492
Patel,Annette,1936-08-12,(601)185-3641
Morales,Jessica,1970-07-04,(916)693-2683
Hall,Aaron,1987-05-14,860.894.1434x81151
Romero,Alan,1916-05-08,+1-456-468-0883x0412
Dorsey,Melissa,1999-08-19,001-256-251-0348x596
Tate,Darrell,1912-04-19,+1-211-207-0790x496
Rodriguez,James,2007-04-24,523-968-2772x123
White,Jeffrey,1919-01-14,+1-596-297-2207x15269
Woodard,John,1933-12-15,336-479-5185
Cortez,Barbara,1945-11-28,(995)665-8323x9672
Collier,Matthew,1973-12-12,(889)172-0007x0423
Smith,Michael,2008-02-02,(293)615-8490x962
Fitzpatrick,Tyler,1974-07-05,207.531.2787
Delgado,Ryan,1957-11-12,+1-097-062-0808x959
Beard,Paul,1952-04-14,+1-652-127-2462x7268
Davis,Laura,2009-01-09,5941179022
Bond,Todd,1986-01-12,001-239-133-9402x977
Reeves,Austin,1951-08-28,668-311-8776x77092
Jimenez,Heidi,1938-09-08,+1-060-793-0938x3579
Chambers,Teresa,1975-12-08,001-729-048-8159x23299
Johnson,Charles,1969-06-20,(460)587-1398x4850
Bradley,Virginia,1959-01-30,605-214-6658
Rangel,Michael,2000-07-14,+1-062-243-1006x3826
Dawson,Nicole,1959-05-27,1047635962
Donaldson,Angela,1957-07-26,9223114248
Reed,Gavin,1917-06-29,001-698-958-6316x0244
Green,Roy,1999-04-14,+1-685-922-2223x73253
Jones,Megan,2003-04-10,938.885.2067x89694
Potts,Andrew,2013-02-11,767-785-0411x987
Wilkins,Brittany,1968-08-12,0075987960
Stout,Chase,1925-08-24,145.416.2688x56432
Phillips,Donna,1988-10-24,038-307-5149x61374
Hansen,Mary,1984-05-29,283-673-2585x927
Hobbs,David,1995-02-08,+1-513-311-9684x616
Dixon,Bryan,1948-06-07,(523)825-5765
Miller,Sandra,1943-06-23,044.968.6765x631
Ellis,Jeffrey,2002-02-02,249.619.3342
Miller,Walter,2002-08-20,001-603-631-0120x911
Collins,Olivia,1948-09-07,933-140-5214x5768
Patel,Dalton,1911-01-30,030-310-1958x6464
Lewis,Mark,2008-08-02,+1-809-302-6515x6804
Tanner,Luis,1974-08-19,(192)880-4585x6850
Moore,Ashley,2017-09-13,(802)098-4988
Willis,Rebecca,1999-09-04,375.717.7200x132
Gill,Lisa,1920-07-11,(647)139-5767x81615
Hoffman,Amy,2009-08-15,(371)706-5594
Lewis,Eric,1911-03-06,+1-767-351-6155x624
Peters,Kara,1908-02-28,001-602-129-4462
Jones,John,1916-09-05,001-690-281-0453x080
Fox,Christopher,1986-06-03,800.525.3551x205
Lewis,Jennifer,1987-11-02,+1-359-633-1667x10901
Walker,Antonio,2018-01-06,(763)198-6957x40837
Cowan,Timothy,2002-06-21,764-051-8496x1470
Anderson,Rebecca,1915-07-24,7993101436
Yates,Bradley,1969-01-31,001-447-820-0829x55364
Lopez,Gina,1979-02-18,(976)600-8836x7683
Kennedy,Rickey,2018-03-02,6031557845
Miller,Toni,1982-03-22,(093)242-3979
Martinez,Angelica,1964-07-07,054-868-6531
Becker,Christie,1917-01-17,001-305-494-0754x4041
Miller,Daniel,1949-12-29,116.157.0496x9735
Stone,Melissa,2012-12-31,524-511-8243
Salazar,Christina,1947-06-19,+1-055-116-6066x075
Rose,Tammy,1987-12-29,942-617-4051
Burgess,Danielle,1992-06-07,001-828-715-4839x9732
Williams,Raymond,1967-07-14,976-069-2249x5953
White,Glenn,2019-03-08,+1-259-302-7304x332
Martinez,Tina,1927-03-17,726-019-0833x485
Oliver,Cheryl,1928-01-13,001-970-633-6754x438
Chambers,Angela,1985-10-08,367-723-8482x737
Gibson,Karen,1934-07-23,047.412.3487x97545
Armstrong,Joseph,2015-04-12,+1-043-694-1084x487
Reyes,Justin,1953-04-13,943-679-2809x194
Garcia,Judy,1997-07-06,001-891-227-5274x195
Acosta,Blake,1958-10-08,9527703803
Moreno,David,1941-07-16,+1-616-300-8183x89035
Anderson,Teresa,1977-02-16,001-308-635-9666x993
Benjamin,Brandon,1964-10-16,014.094.3400x51235
Pacheco,Thomas,1927-03-17,803.964.4577x9142
Owen,Michael,1973-02-21,+1-915-202-8938x024
Sanders,Darren,2019-09-21,5638861542
Pennington,Katherine,1994-03-27,+1-503-577-8855x49158
Lowery,Terri,1927-07-26,(198)431-5585x73889
Nash,Denise,1927-05-12,2681635587
Chapman,Julie,1932-01-08,905.336.2406
Strong,Kerri,1924-03-12,(747)686-1007
Rodriguez,Mitchell,1926-01-07,001-224-590-4526x9346
Miller,James,1988-05-21,(010)709-8974x992
Fox,Robert,1935-08-19,+1-921-407-4802x34039
Lewis,David,1987-02-09,339-337-3806x65087
Shepherd,Tony,1944-01-01,6298158391
Price,Rebecca,1975-05-18,107.678.9350
Foster,David,1966-03-11,0097336497
Logan,Christian,1972-11-14,220.869.5242
Lynn,Molly,1925-09-14,659.520.0731x210
Horton,David,2007-09-09,(963)015-0892x34285
Hammond,Michelle,1990-08-13,(074)829-9073
Nelson,Michelle,1999-10-17,347-893-6693x2033
Myers,Zachary,2016-02-22,607-043-8945
Miller,Christian,1979-10-28,1529670695
Smith,Diane,1954-05-24,905-736-6080x55726
Wood,Julie,2021-07-25,050.608.3892x277
Fisher,Michael,1943-08-14,(864)036-4992x93977
Hunter,Katie,1914-06-17,001-466-666-5854
Chavez,Shannon,1947-12-31,+1-140-929-2322x0872
Bennett,Alfred,1942-06-01,001-638-845-8997x77149
Chen,Emily,1924-04-07,175-257-3545x729
Harvey,Tracy,1959-05-16,322-376-1864x92182
Warner,Jennifer,1947-05-21,4668683206
Gutierrez,Antonio,2000-10-10,+1-705-875-1055
Mora,Christopher,1919-11-05,+1-657-306-9429x67289
Townsend,Tina,2021-08-18,(994)050-2390x988
Carter,William,2010-04-29,+1-204-728-5542x08931
Bryant,Samuel,2006-06-13,053.497.5893
Ramos,Danielle,1951-10-06,561.241.8593x54317
Campbell,Melissa,1911-04-07,800-097-4618x3659
Barrera,James,1925-11-19,618.477.2069
Carlson,Kenneth,1965-12-31,811-359-8726x140
Adams,Rachel,1959-08-22,611-174-3027x3689
Burgess,Lori,2021-04-03,952-943-9199x3230
Johnson,Dylan,1913-11-30,9751165093
Grant,Randall,1912-08-14,775-224-3051
Marshall,Michael,1949-11-29,001-433-105-0687x523
Pham,Matthew,1998-08-19,001-704-369-0033x62151
Robinson,Suzanne,2013-11-11,001-109-550-3525
Andrade,Nicholas,1979-11-11,090.240.3627x16310
Wright,Renee,1996-03-17,582.202.1490x9500
Howell,Jenny,1952-12-19,001-685-742-3330
Clarke,Travis,1973-06-15,(260)642-9027x050
Carpenter,Pamela,1962-04-18,753-549-0274
Dodson,Austin,2017-09-16,001-696-614-6116
Williams,Joseph,2020-08-15,968.384.0900
Price,Rodney,1985-07-06,030.921.7211x360
Baker,Tracy,1909-04-24,988-173-9120x72793
Perez,Dawn,2020-12-16,(114)900-8061x280
Rodriguez,Todd,1918-05-05,7265605352
Hall,Heather,1991-08-23,059-199-3290
Cruz,Kimberly,1907-09-16,001-894-703-4486x5244
Johnson,Daniel,2011-11-14,001-437-160-9457x840
Fletcher,Monica,1945-08-17,0189414432
Adams,Amber,1926-07-28,1082465174
Harrison,Shannon,1997-06-14,001-869-051-9353
Ferguson,Peter,1962-05-07,001-171-967-7257x4276
Patel,Charles,1968-04-21,859-803-7732x6977
Garcia,Ariel,1947-11-05,001-642-025-0166
Wilkins,Brittany,2014-10-01,001-033-913-8301x9020
Black,Michael,2003-12-10,(162)775-7214
Butler,Julie,1995-11-09,357.162.0390
Elliott,Joseph,1962-03-13,615-351-2229
Watts,Stephen,2021-05-29,4633107032
Jackson,Eric,1978-11-06,001-265-893-0691
James,Karen,1951-05-07,233.534.7642
Mendoza,Luke,1994-12-10,+1-566-707-9211x829
Brooks,Jessica,1960-12-05,9415554608
Adams,Kyle,1951-10-28,785-401-2580x29471
Taylor,Samantha,2010-02-16,823.880.2348x23956
Graham,Danielle,1970-08-07,373-047-3877x782
Patel,Kelly,1952-05-13,0122579199
Gonzalez,Keith,1915-03-13,530-275-1488
Walls,Isabella,2012-12-11,+1-407-080-2264x503
Hughes,Kenneth,1920-04-17,001-934-340-0800x0852
Woods,Joanna,1918-04-12,483-376-1811x004
Arnold,Timothy,1937-07-05,+1-968-867-1793x54579
Jensen,Spencer,1969-04-18,087-090-4521
Dominguez,David,1946-09-10,001-179-742-4949x6724
Monroe,Rhonda,2015-01-16,8124806479
Rios,Becky,1984-03-05,+1-531-589-3406x245
Stanton,Victoria,1991-03-04,250-173-4188x2661
Smith,Ashley,2010-08-08,756.830.1514x12774
Walker,Kevin,1966-09-14,369-351-9729x25997
Livingston,David,1997-02-26,701.139.3066
Hall,Julia,2001-05-04,+1-881-886-5113x7022
Davis,Patrick,2013-02-01,100-628-2849x148
Parker,Lori,1979-03-23,001-761-729-3429
Todd,Tiffany,1960-08-29,001-313-751-1544x61939
Salazar,Dustin,1931-02-05,(712)194-6333
Vargas,Kyle,1930-10-21,645-763-6143x8488
Villarreal,Jessica,2010-02-24,(308)753-5693x929
Phillips,Brian,1923-05-06,001-084-833-9905
Lewis,Darren,1955-03-04,317.150.4228
Montoya,David,1928-03-04,510-708-8713
Stevens,Gabriel,1949-10-01,135-402-5178x7417
Barrett,Theresa,1963-07-29,+1-386-369-5106x75619
Spencer,Matthew,2017-02-20,1474624792
Marshall,Alicia,1980-05-22,174.085.1714x1464
Wilson,Sydney,1958-01-18,692.361.2943
Hunt,Melissa,1997-02-22,001-365-580-3367x4840
Beck,Kimberly,1955-05-28,819-288-4630x49969
Hawkins,Peter,1939-11-01,831-882-5913x265
Powell,Steven,1962-08-10,(015)298-4032x51032
Ward,Cory,2018-09-08,+1-828-880-5091x8908
Rojas,John,1927-02-12,464.713.8628x7907
Rosario,Megan,1919-07-01,001-816-498-3523x1648
Smith,Leonard,1968-01-27,718.491.2801
Cooper,Anthony,1965-01-15,001-243-220-6574x14924
Weiss,Michael,1980-08-26,175-605-7975x269
Long,Jonathan,1925-02-11,024-423-7939
Allison,James,1938-08-04,001-585-696-0990
Evans,Daniel,1984-06-04,676-179-8065
Lopez,Howard,1997-07-26,001-338-952-4647x84483
Rangel,Valerie,1982-01-20,+1-464-003-5641x120
Hebert,Molly,1934-09-30,+1-505-925-9437x8783
Andrews,Isabel,1945-03-02,+1-965-566-5841
Thompson,Jennifer,1925-06-03,(221)018-7579
Walton,Cindy,1941-09-24,(489)597-1592
Wiley,William,1916-02-21,+1-640-022-7618x06910
Rich,Tyrone,1972-10-17,248-647-1085
Wells,Lindsey,2021-12-20,001-208-499-1301x036
Henderson,Guy,1925-02-10,(545)032-5858x7576
Hernandez,Steven,2000-02-03,735-654-9632x127
Morgan,Brenda,1965-10-20,590.707.9648x9684
Weaver,Beverly,1971-03-11,6143217396
Cross,Jorge,1951-01-30,(993)673-5635x481
Allen,Linda,1918-09-27,001-851-402-3866
Clark,Gina,2014-11-07,(144)219-7031x6239
Bowman,Cheryl,1981-05-04,001-221-659-8191x907
Riddle,Richard,1920-04-14,(529)676-4370x273
Diaz,Alejandra,1957-07-22,758-146-7986x6130
Dickerson,Michael,1969-09-19,5787671005
Thompson,Cassandra,1921-11-01,+1-518-703-7974x55900
Torres,Andrea,1933-02-10,164.402.3220x73402
Johnson,Daniel,1916-11-20,3966229983
Thompson,Erin,1991-09-18,494-214-7504x479
Patel,Anne,1988-02-01,952.519.9448x628
Woodard,Jacob,1948-12-16,(624)450-7582x48821
Mathis,David,1987-03-31,(951)803-7501x901
Doyle,Brandon,2022-05-31,+1-791-174-1319
Johnson,Caleb,2000-11-16,741-063-1705
Ross,Candace,1911-10-04,028.325.8331x867
Sellers,Brent,1930-06-14,001-915-364-3880x743
Neal,Alison,1992-05-13,474-319-5450x6341
Yu,Ashley,1973-12-20,001-337-716-0638
Hall,Cassandra,1937-11-11,(794)784-3612
Fischer,Lisa,1915-09-04,092.307.8234x32746
Miranda,Jennifer,1990-02-18,651-511-2020
Barron,Michael,1946-03-09,073.990.3224x06586
Hawkins,Jesse,2001-07-13,565.811.4202x127
Stokes,Nichole,1975-01-21,558.486.7786x500
Morrison,Andre,1936-08-24,001-127-259-4726x343
Lee,Jerry,2006-08-14,329.873.4994
Ryan,David,1940-09-18,+1-973-028-4853
Summers,Tonya,2010-10-31,001-300-641-2796x41229
Villarreal,Tina,1991-10-08,949-988-0488x006
Turner,Kayla,1963-06-09,001-614-490-4160x882
Long,Peter,1968-07-15,581-992-0585x705
Hanson,Carla,1959-02-10,6555252640
Osborne,Timothy,1952-08-10,001-691-074-5751x432
Guerrero,William,1932-10-31,207.295.8999x5558
Morales,Rodney,1967-12-30,001-879-577-5677x2094
Salas,Melanie,1957-08-31,565.326.8800
Cooley,Timothy,1959-07-18,330-617-4199x374
Chavez,Donald,1983-11-21,001-556-159-6428x9240
Owens,Katherine,1979-10-21,(003)884-7605x659
Brown,Jeff,2014-05-25,(645)393-5332x85346
Washington,Julia,1998-03-18,001-953-032-7533x690
Thomas,Brian,1907-01-30,330.931.4163x3357
Hebert,Bryan,1991-09-10,163.369.3269x844
Walsh,Lisa,2021-04-06,+1-929-978-5264
Gordon,Richard,2008-01-23,(233)329-4772
Palmer,Natalie,1949-01-22,091.694.0681
Richardson,Shane,1906-09-18,837-724-4857
Mcmahon,Rachel,1974-04-06,001-131-852-3737x46183
Hernandez,James,1912-05-25,+1-085-558-8880x78171
Vasquez,Alyssa,1991-07-13,916.578.6456
Powell,Christina,1950-06-04,254.105.9947x21088
Johnson,Philip,2016-01-04,354.613.4010x2485
Price,Andrea,1966-11-12,001-442-853-0899x0736
Joseph,Erin,2012-09-05,+1-628-704-2686x406
Fields,George,1926-07-24,(732)048-2093x2380
Turner,William,1932-10-18,2004396664
Thompson,Kaitlyn,1924-06-06,+1-592-015-6311x96075
Fisher,Brenda,1940-11-26,8094195741
David,Olivia,1972-01-25,404.382.8906x200
Hughes,Jason,2002-10-03,001-231-946-1127
Rocha,April,1966-09-18,(242)794-3677x3639
Padilla,Heather,1942-05-13,001-074-964-5525x6965
Moore,Kristin,1973-08-14,001-191-530-4368x494
Barajas,Patrick,2013-06-11,+1-299-710-6347x4298
Anderson,Michele,1937-03-05,+1-510-852-9182x6351
Lewis,Sarah,1908-09-18,001-468-540-4569x091
Dalton,Edgar,1911-08-03,(953)307-3220x8706
Guerrero,Daniel,1933-02-19,780.075.5217
Kelley,Jamie,1959-06-28,257-971-2258x0160
Davis,Christopher,1921-03-17,+1-797-261-4154x320
Robinson,Anthony,1980-07-16,780.478.3946x87592
Vasquez,Crystal,1966-07-29,001-908-4096
Duarte,Megan,1929-09-07,(791)223-7671
Davidson,Edward,1936-06-14,(167)387-2285x7103
Clark,Lindsay,1997-02-20,001-235-312-6269x913
Fisher,Sarah,1944-06-30,+1-843-195-5377x4294
Harris,Craig,2007-10-10,909.644.9846
Rios,Sharon,1965-05-08,(780)496-1842
Allen,Rachel,1939-05-13,278.677.2261
Lee,Courtney,2000-09-18,(845)860-9707x6369
Contreras,Brandon,1934-08-02,7100196600
Palmer,Richard,2005-03-31,851.843.2104
Kline,Chad,1921-05-14,(837)135-2412x437
Richardson,Kyle,2022-03-10,+1-211-146-7374x623
Liu,Andrea,1967-04-26,001-491-834-1523x067
Mcmillan,Carolyn,1940-05-28,367.209.7055x89183
Sherman,Jennifer,1925-08-28,8497660950
Jones,Melissa,1944-03-19,863-602-3021x20045
Reed,Bryan,2003-12-28,448.998.3942x454
Owens,Joshua,1965-11-25,+1-376-728-3094
Lopez,Deanna,1928-09-15,(251)028-7991x8501
Glass,Rebecca,2001-01-14,452-122-4842x547
Lynch,John,1941-09-13,(272)338-9671
Brown,Mark,1988-12-30,771-704-0810
Vasquez,Brian,1949-01-23,5039004266
Pitts,Nathan,1992-01-03,+1-194-467-6305x02834
Stanton,Nicole,1952-09-29,624.134.9476x06976
Reyes,Christina,1972-08-25,+1-574-811-3493x55142
Vargas,Peter,1978-09-06,6661817966
Berry,David,1972-10-13,(344)451-0662x192
Gonzalez,Christopher,2016-07-11,805-760-3398x402
Huber,Adam,1924-04-14,321-911-9292x4519
Knight,John,1961-04-02,654.488.0647
Murray,Stephen,2000-05-10,001-766-179-8800
Morales,Mark,1921-07-27,196-549-2986x7127
Robinson,Michelle,1964-06-10,+1-585-385-0367
Meyer,Christopher,1941-08-06,820-874-5615x45082
West,Valerie,1972-07-28,975.775.4156x321
Montes,Michelle,2015-02-14,001-224-335-0390x651
Bailey,Gregory,1982-10-19,001-677-827-3606x50541
Zimmerman,John,2009-02-27,001-685-788-7234x979
Bennett,Melissa,1945-02-21,+1-226-699-3387
Bruce,Debbie,1930-12-10,632.980.9880x7150
Miller,Heather,1998-04-01,889-869-7657
Dillon,Faith,2010-04-21,691.024.7623x18192
Carlson,Kevin,1962-03-21,167-884-9218x15416
Johnson,Scott,1953-10-29,245.377.0320x69960
Bolton,Monica,1953-04-28,001-287-388-9524
Brown,Noah,2015-06-07,001-279-645-8264x1785
Lucero,Patrick,2005-02-15,(808)542-8605x611
Combs,Sandra,1960-09-20,918.492.5400x516
Soto,Christina,2006-11-07,5794759968
Cohen,Brandi,2003-02-20,959.262.5108
Esparza,Patrick,1914-06-24,+1-393-723-3949
Patton,Billy,1972-02-28,+1-978-629-3307x55396
Turner,Robert,1955-08-08,460-431-5467
Lee,Joseph,2004-08-21,001-390-525-8370x1411
Smith,Katherine,1977-07-12,001-764-231-6513x45738
Wright,Jason,1984-06-28,001-742-415-0453x7611
Wilkerson,Anthony,1996-03-15,631-853-5219x732
Davis,David,1955-10-04,928.107.3770
Hernandez,Sherri,1997-04-16,001-108-048-9160x7966
Romero,Tammy,1973-04-07,883-128-8992
Chang,John,1926-07-17,315.689.0704x87908
White,Rhonda,1967-12-16,(786)625-7468
Carter,Judith,2018-01-06,(878)309-0651x4297
Miller,Lori,1921-12-25,001-580-072-2609x3088
Ryan,Alexander,1948-09-01,125.503.2800
Gordon,John,2018-06-08,757.197.0024
Patterson,Sarah,1930-01-08,608-297-1482
Garcia,Mark,2021-10-03,930-071-0152
Bishop,Brandon,1951-07-02,971-018-4774
Smith,Kelsey,1968-02-12,102-522-5229x98238
Barron,Michelle,1957-05-11,+1-336-652-9402x24752
Clark,Justin,1916-02-16,310.570.4017
Anderson,Tammy,1985-02-09,+1-606-805-2461x252
Williams,Sandra,1960-10-08,231.523.2874x81905
Jackson,Steven,1920-12-30,330-891-7108x64762
Thomas,Joseph,1985-05-23,001-815-265-1468x887
Glass,Rebecca,1984-08-18,001-129-526-2211x49941
Lopez,John,1924-10-13,835.371.6479x937
Burch,Nicholas,2006-05-22,834.104.2651
Ortiz,Jessica,1948-12-09,001-731-813-9807x1608
Crawford,Jessica,2007-12-19,(104)142-7099x20232
Reynolds,Michele,1910-05-25,054.888.7681x35741
Johnson,Elizabeth,1933-12-21,+1-817-350-3854x56830
Alexander,Leon,1989-07-12,615.519.1631x426
Novak,Joshua,1992-06-13,276.116.4668x91450
Williams,Erica,1936-06-26,001-316-870-5038x4155
Lopez,Tyler,1957-11-22,6885095195
Taylor,Brittany,2021-04-22,904.271.1494x08833
Burton,Jenny,1967-02-20,206.730.4699x03286
Green,Joshua,1908-05-26,5973301911
Ayala,Ashley,1951-02-23,6005824356
Miller,Melanie,1969-04-18,(406)517-1938x599
Stevens,Matthew,1910-03-07,664-438-8900x262
Pearson,Curtis,2018-11-02,(054)227-1170x6892
Williams,Aaron,1988-03-22,242-387-8238
Jones,Joshua,2006-05-17,001-613-449-4892x593
Richards,Lindsay,1963-12-24,(160)965-0981x8510
Campos,Jonathan,1993-03-17,270-790-8999
Diaz,Nicholas,1961-03-03,(091)089-8208x10471
Wright,Anna,1918-02-21,(714)428-6494x311
Rivera,Juan,2021-04-18,+1-032-658-1858x60227
Wright,Devin,1972-03-25,134-046-3098x924
Kelley,Karen,1993-06-19,485-192-4223x67235
Huerta,Jessica,1940-04-14,(103)431-6427
Woods,Dustin,1917-07-16,9897593573
Mack,Richard,1927-08-17,692.799.3881x48650
Peters,Cindy,1922-11-30,745.294.1965x224
Johnson,Thomas,1962-11-07,+1-994-830-1251x104
Mcdaniel,Steven,1985-05-10,253.005.6383
Bernard,Hector,1971-12-27,+1-830-606-2978x720
Weiss,John,1919-01-20,6078857971
Barrett,James,1988-12-16,7637611888
Robinson,Mikayla,1974-10-18,442-802-5696x58824
Ross,Jonathan,2012-08-12,001-322-734-5470
Hudson,Dwayne,1970-01-29,820-899-1746x51326
Bush,Todd,1987-12-24,172-446-9791x8735
Henry,Molly,1930-12-14,710-439-4279
Roberts,Katie,2003-03-10,425-408-1898
Best,Christina,1929-01-09,(597)318-6683x17793
Landry,Wendy,1960-03-23,(237)739-2015
Gordon,Marie,1948-09-26,+1-677-865-9014x304
Moore,Bryan,1990-09-30,+1-909-926-8337x310
Adams,John,1981-02-16,+1-773-341-8933x58207
West,Angela,1939-10-07,001-746-839-1270
Guzman,Vanessa,1986-06-07,(770)773-2014x6351
Hickman,Antonio,1981-10-13,001-008-815-5686x1933
Miller,Heather,1971-11-26,(411)388-2190x9377
Bass,Gina,2019-10-26,919-493-0194x5008
Weber,Jonathan,1912-09-13,762.087.1312x81729
Murphy,Elizabeth,2016-03-18,001-615-228-0894
Carroll,Tracy,2001-08-01,507-298-8586x41443
Aguilar,Robert,2005-03-22,067-402-3096
Bright,Patricia,1953-03-26,(896)992-4164x404
Tanner,Manuel,1960-08-07,+1-830-902-6717
Mccall,Michael,1998-09-06,+1-812-311-7356
Davidson,Angela,1909-02-19,(259)336-0821x8315
Wise,Matthew,1923-12-30,001-985-444-0558x1685
Nunez,Sharon,2014-07-07,3672285267
Jones,David,1969-04-19,762-476-1563x0748
Harris,Barry,1960-12-10,423-093-0481
Rice,Jeffrey,1955-03-19,001-885-854-2376x10176
Thompson,Kelly,1958-10-05,+1-480-277-7390x29797
Dickerson,Michael,1966-08-27,(767)278-2926x6936
Figueroa,Becky,2016-09-14,+1-812-607-6482x9961
Reed,Jim,1908-08-28,001-862-475-8295x04950
Burns,Shawn,1998-08-23,489-598-7543x6297
Contreras,Michael,1975-07-19,(858)071-7400x7035
Simmons,Kenneth,1924-04-24,+1-939-084-3396
Jones,Frank,1932-06-02,491-347-9609x38949
Hayden,Debra,1912-11-13,845.076.9661
Murray,Adrian,1992-02-25,(978)327-7065x152
Adams,Allen,1914-09-13,(541)891-7440
Glover,Jesse,1922-01-25,+1-205-104-3402x5584
Bush,Nicole,1977-06-12,858.426.5278
Buckley,Stephanie,1919-08-02,001-157-630-1679x910
Simpson,Julie,2006-01-31,(688)199-7472x1923
Walter,Angela,2019-12-19,(350)861-8027x00838
Pearson,Stephanie,1945-08-29,001-118-195-8202
Day,Laura,2006-09-30,+1-935-169-4636x723
Combs,Carolyn,1941-12-25,153-533-6412x319
Wilson,Daniel,2011-06-13,(091)182-2725
Roberts,Kenneth,1931-10-25,220.031.6280
Harris,Stephanie,1968-07-07,853.984.8718x9869
Bailey,Melissa,1973-06-30,+1-264-504-6840
Moore,Sandra,2005-05-12,637-776-1159x701
Harris,Steven,2009-08-13,1893990094
Garcia,Brittany,1993-03-26,(694)364-7328
Lopez,Tina,1958-06-19,+1-530-760-1353x0946
Morris,Omar,1979-12-31,8652841093
White,Jessica,1955-08-31,532-642-4311x4209
Williams,Catherine,1952-02-14,(400)175-2472
Clark,Michael,1912-08-21,9443057549
Campos,Christine,2018-07-12,+1-571-546-1288x4221
Graham,Jeff,1914-12-03,+1-660-229-1559
Simmons,Austin,1975-01-19,989-933-8962x8420
Dunn,Jessica,1965-08-13,001-068-869-2671x4187
Vasquez,Wendy,1930-11-21,+1-756-755-4842
Moore,Hannah,2007-11-19,877.748.6831x52017
Fernandez,Trevor,1986-07-20,+1-821-077-0139x8562
Dixon,Erika,1918-03-14,3571839819
Garcia,David,1909-06-04,668-119-4868x32299
Walker,Samantha,2008-05-25,186-590-0843x1097
Curtis,Chelsea,1948-08-14,+1-852-178-4138x88123
Johnson,Nicole,1999-08-27,(249)884-1046
Lee,Clinton,1949-01-12,(433)603-5644x3080
Collier,Ashley,1915-11-03,(458)093-5116x4445
Martinez,Debra,1985-11-13,001-008-758-8329x62676
Herring,Michael,1960-07-11,(169)416-5825x16827
King,Robert,1967-06-04,(021)616-8205
Mckay,Kenneth,1943-10-21,955-637-8125
Underwood,Derek,1940-07-11,(868)416-7298
Lee,Joel,1985-10-27,(482)647-4061
Horn,Jessica,1977-01-21,404.198.9271
Snyder,Amber,1957-07-17,060.987.7388
Wiggins,Julia,1964-07-31,(904)591-2064x15682
Miller,Patrick,1916-11-02,926.971.2648
Brown,Dennis,1974-07-29,(168)116-6024x153
Walker,Jeffrey,1918-10-15,472.134.4144x2162
Johnson,Jacob,1949-06-27,062-218-5850
Johnson,Brian,1986-12-05,283-466-8528x01090
Cochran,Kathleen,1984-06-01,001-456-399-1568x439
Miller,Brandon,1978-08-19,855-412-8748
Richard,Rebecca,1943-03-24,+1-479-442-3830
Hamilton,Kelly,1962-01-05,+1-322-577-2512x9677
Kim,Tiffany,1942-07-08,717.982.1806x20011
Mccormick,Corey,2013-11-19,336.025.9373
Dunn,Tiffany,1924-07-19,(335)267-3792x6785
Smith,Jennifer,1920-05-24,893-019-6360x2575
Ortega,Marvin,1949-04-09,185-394-9205x45261
Johnson,Karen,2021-10-10,+1-671-199-7805x727
White,Thomas,2011-09-20,850.730.0867
Morton,Nathaniel,1971-04-21,044-290-4070x39708
Martin,Raymond,2010-10-13,001-843-086-1455
Blevins,Anthony,2018-09-22,+1-656-238-7114x05762
Mccormick,Alejandro,1970-04-03,(699)786-7670
Garcia,Michael,1943-10-19,001-087-138-5766x894
Hines,Andrea,2005-08-23,001-419-103-1960x45338
Saunders,Jesse,2008-10-20,+1-718-487-8808x53080
Riley,Tammy,1948-04-20,+1-288-570-1208
Mason,Shawn,2012-10-26,021-209-6210x63319
Peterson,Denise,1997-01-06,747-443-4843x1121
White,Sherry,1995-04-09,652-600-8064x25319
Lang,Mark,2003-08-06,001-877-375-1837x229
Norris,Rebecca,1943-06-23,(891)035-5273x089
Webb,John,2004-04-25,722.070.9368x696
Holmes,Aaron,2002-11-20,+1-837-869-4217x17145
Harris,Allen,1940-02-03,001-560-088-4345
Scott,Matthew,1976-09-08,+1-241-060-4073x34327
Taylor,Dawn,1952-09-23,+1-056-891-7186
Russell,Sarah,2011-07-01,001-491-442-9063x64700
Crawford,Lauren,1932-03-24,001-125-735-4270x63397
Lopez,Bradley,2002-01-03,080-216-0723x232
Dyer,Ashley,1985-05-26,+1-026-443-3520x6007
Thomas,Erin,1969-09-01,+1-368-142-2755x99763
Joseph,Steven,1995-11-05,(048)338-8544
Mendez,Jenna,1924-09-27,001-020-419-8808x11515
King,Jackie,1961-03-15,345.411.7427x04221
Price,Melinda,1932-05-06,(818)749-6230x32242
Stanley,Mallory,1959-06-12,001-707-441-9747x461
Herrera,Jeremiah,2013-02-10,604-596-9120x003
Hanson,Charles,1938-07-17,(139)794-2371x05136
Mcdonald,Christopher,1982-06-13,857.344.8390x359
Bond,Julie,1989-09-04,001-781-737-9903
Ross,Brandy,1914-10-29,467-868-0093x039
Hunter,Karen,1964-05-10,964-499-5288
Green,Rhonda,1951-01-09,001-143-577-5589x85830
Munoz,Justin,1946-07-26,798.080.0704x9706
White,Juan,2012-07-14,121-073-2456x440
Cox,Gina,1985-01-17,646.958.5724
Mejia,Michael,1922-12-12,098.124.2177
Freeman,Tracy,1911-07-23,465-148-0339
Thompson,Dana,1996-04-12,+1-527-028-8533x20931
Jones,Allison,1955-03-02,2781945515
Woods,Lance,1978-02-25,001-103-803-1602
King,Kevin,2012-07-17,+1-055-130-1389x5427
Williams,Charles,1930-08-23,001-821-804-1488x893
Thomas,Dawn,1928-06-28,2897566292
Glenn,Denise,1975-01-30,+1-240-142-5934x516
Briggs,Christopher,2004-12-13,691-767-0471x35799
Hughes,Scott,1971-12-30,+1-653-355-7381x189
Carlson,Christine,1938-08-31,+1-854-312-2938x703
Mccoy,Donald,2008-06-12,909-593-3992x532
Wood,Mary,1937-04-04,+1-952-165-3987x3630
Mclean,Madison,2013-07-20,(209)685-3843
Herrera,Monique,1986-02-17,(579)397-8312
Wiley,Tyler,1921-09-19,(688)917-3138x5423
Mcclure,Julie,1990-04-06,(649)533-8313x978
Miller,Matthew,1985-11-17,493.924.6503
Patterson,Ronnie,1954-10-18,771-936-0731x155
George,Robert,2000-09-26,(574)574-6217x453
Waller,James,1908-12-01,001-505-178-7814x35218
Griffin,Bradley,1958-11-17,386.616.2847x3569
Wagner,Kayla,1971-10-10,+1-112-463-3635
Compton,Eric,1944-05-14,617-772-6346
Rodriguez,Natasha,1975-12-28,(702)502-0782
Delgado,Laura,1920-11-23,+1-584-833-4169
Ayers,William,1994-09-22,209.410.2228x0097
Armstrong,Angelica,1908-12-25,8221927948
Mcbride,Shaun,1973-08-03,950-415-6624
Evans,Jeremy,1914-05-13,001-359-989-2109x9785
Ray,Darren,1989-11-06,001-200-905-5047
Gomez,Mallory,1938-02-25,(960)319-0800x84001
Baird,Kristina,1946-08-17,(158)779-0814x4069
Cardenas,Shelby,1962-02-26,605.682.9694
Benitez,Christine,2019-07-02,811-497-2339x9988
Hale,Duane,1993-09-30,270.931.6557
Hughes,Travis,1935-06-08,+1-149-383-3324x32376
Wilkinson,Scott,1937-09-19,(210)318-8178
Harrington,Courtney,1965-08-29,+1-594-528-3593x610
Hunt,Joseph,1938-09-01,+1-406-377-2094x238
Beck,Jeremy,1983-04-02,573-868-6449x366
Ferguson,Krista,1911-07-01,391.642.1852x4667
Oliver,Megan,1965-12-31,992.340.4299x8645
Aguilar,Lauren,1998-03-21,(743)161-8444
Stephens,Abigail,1920-12-28,001-228-825-9048x0117
Walsh,Jennifer,1970-07-25,001-828-692-1324x593
Carter,Michael,1936-09-15,018.890.8008x6099
Davila,Cynthia,1927-04-09,+1-727-268-8839x85648
Morris,Martin,1987-07-05,232.606.9451x6462
Ryan,Chad,1946-04-15,(466)457-1913
Morgan,Jennifer,1913-01-14,1154153093
Rose,David,1950-06-11,(706)445-1500
Pitts,Melissa,1909-04-24,+1-905-396-9532x580
Leach,Jason,1967-04-07,690-066-4945x4748
Hill,Wendy,1918-07-12,409.176.7071x627
Vargas,Jeffrey,1921-12-25,+1-998-298-8799x48011
Gonzalez,Patrick,1918-08-21,+1-626-647-9237
Morales,Michael,1987-08-16,0347113941
Fowler,James,2018-07-03,(396)895-1779
Johnson,Brenda,1934-05-22,521.459.5751x8162
Morales,Barbara,1928-12-07,+1-701-440-2145
Gardner,Dylan,1916-12-21,853-758-5689x8454
Thompson,Michael,1963-09-16,(434)301-6642x05912
Shelton,Jack,2009-04-07,+1-031-866-7120x29952
Rhodes,Denise,1993-06-19,(633)469-2451x08372
Bird,Emma,1961-08-06,+1-923-759-5249x7429
Lyons,Kristin,1915-03-18,795.005.1326x494
Humphrey,Amanda,1918-08-22,001-788-879-3576x33186
Henderson,James,1981-07-17,335.183.9336x082
Newman,Ryan,2013-05-09,(552)003-8106x564
Forbes,Larry,1997-03-15,815.953.1937x402
Clark,Nicholas,2015-10-28,5536641527
Burke,Vickie,1970-08-27,001-176-732-8016x163
Vaughn,Traci,1906-11-16,251.210.0029x66562
Wagner,Leah,1985-06-14,(184)168-6185x349
Alvarado,Matthew,1921-04-06,658-930-9221
Powell,Patricia,2019-02-27,+1-798-385-7406
Friedman,Taylor,1931-05-11,+1-715-323-6913x7380
Mckenzie,Donald,2013-05-24,927-853-2298
Clark,Bryan,2000-06-07,524-620-5250x98535
Taylor,Christine,1931-03-17,(976)180-7266x54254
Hawkins,Kim,2018-03-19,202.514.6132
Santos,Troy,1985-09-07,2510365006
Garza,Shannon,1923-12-05,509-325-8434
Rogers,Laurie,1957-03-11,001-531-658-4215x3965
Brooks,Nicholas,1965-06-01,713.185.9495x28084
Swanson,Jeremy,1974-04-27,7410694289
Gomez,Sean,1971-01-09,3742281292
Brooks,Robin,1940-02-26,001-701-897-8099x6286
Schaefer,Michelle,1936-11-16,(328)803-8198x31634
Cuevas,Valerie,1954-06-27,+1-272-421-4427x0451
Jones,Teresa,1914-01-14,+1-929-635-2545x14129
Robinson,Christopher,1950-01-05,001-982-072-7061x26950
Henry,Stephanie,1983-11-10,846.210.9828
Johnson,Scott,1931-11-16,(553)212-7040
Lewis,Carol,2012-10-29,228-086-3617x8574
Russell,Wanda,1989-04-24,+1-767-133-5849x75036
Barrett,Marcus,2013-10-15,(569)277-0956x0174
Snyder,Curtis,1957-01-23,(229)175-6090
Smith,Roy,2011-06-22,463-868-1962x1000
Cox,Sheila,1979-11-25,+1-765-826-8657x9162
Roach,Pamela,1912-08-14,(218)634-5603
Smith,Joseph,1974-02-13,879.650.3116x4849
Hoffman,Victoria,1924-07-10,001-953-718-8982
Barrera,Deborah,1986-10-15,(714)906-6186
Martinez,Pamela,1966-11-02,(437)453-5421x56499
Flores,Lisa,1955-04-10,1215007279
Macias,Andrew,1967-02-10,350-177-1536
Miller,Jennifer,1938-05-28,972.006.1358x3092
Humphrey,Gregory,1923-12-13,103.523.0808x009
Wilson,Matthew,1957-05-12,001-642-544-9209
Guerra,Amber,1939-02-28,2060027705
Mitchell,Cynthia,1958-09-10,(548)422-2791x2640
Zavala,Jason,1955-11-21,+1-029-236-1749x9566
Horne,Derek,2009-09-02,(860)742-7126
Gonzalez,Bradley,1962-06-03,+1-261-069-1485x9202
Rocha,Carolyn,1963-07-16,2905266244
Moran,Samantha,1939-11-05,+1-169-009-7440x99014
Harris,Kathy,1959-02-25,001-125-409-5422
Dominguez,Brad,2018-05-19,001-404-623-4573x68589
Mack,Phyllis,1968-04-13,001-341-609-9061x22893
Adkins,Michael,1927-03-16,042-517-0531x56646
Cooper,David,1972-06-05,477-761-0692x624
Morgan,Frederick,1958-01-08,289-348-2649x15187
Frank,Angel,1946-12-27,950-743-7036x220
Smith,Brian,2000-09-03,9600647592
Brown,Jennifer,1922-07-13,0560995060
Harris,Keith,1915-04-18,891.074.1597
Williams,Joseph,1921-05-07,380-315-4900x146
Hicks,Angela,1953-10-17,535.634.6295
Stewart,Eric,1994-02-07,+1-907-932-1260x3151
Davis,Andrew,1955-11-21,543-673-8314x8421
Peterson,Tammy,1995-12-10,8509074415
Johnson,Matthew,1969-05-19,541-656-4401x153
Jenkins,Daniel,1916-07-01,(467)478-9655x0162
Diaz,Anthony,1988-04-04,9825208129
Steele,Pamela,1936-11-08,502.057.3712x8926
Gardner,Sally,1950-11-13,+1-331-391-6149x2595
Bowers,Debra,1942-03-13,+1-370-499-4230x503
Berry,Joseph,1941-08-23,(305)778-1096
Thomas,Anthony,1960-04-29,127.271.9218
Vasquez,Kevin,1984-06-27,001-092-486-6489x9341
Miller,Cindy,1944-07-01,394.171.9229x691
Erickson,Curtis,1913-03-13,662.587.8456
Jackson,Jimmy,1950-12-25,+1-658-371-3089x069
Jimenez,Andre,1939-07-20,273-983-3392
Mckenzie,Kelly,1958-03-07,001-711-895-5942
Schmidt,Elizabeth,1958-01-30,(555)189-1261x04339
Clay,John,1929-08-14,001-147-453-3962x0866
Miles,Dalton,2010-01-15,+1-927-762-0080
Brown,Adam,1956-06-15,171.186.3490x19218
Lynn,John,1954-03-23,+1-672-942-3828x799
Mahoney,Brian,1908-02-17,001-191-227-3945x15869
Scott,Barbara,2019-02-06,001-880-439-0033x9838
Taylor,Ryan,1925-11-27,070-963-8455x465
Lindsey,Morgan,1950-04-11,+1-461-847-3541x847
Young,Ellen,2022-04-10,937-451-8384x497
Payne,Sarah,1910-08-27,575-146-7266
Riddle,Jeffrey,1948-02-04,(146)307-5611x4887
Ball,Steven,1980-07-21,912.053.7218
Valdez,Anthony,1963-02-11,(461)181-1488
Morgan,Michelle,1934-08-24,5408342603
Tanner,Jeremy,1999-12-28,090.663.9790x69240
Reyes,Angela,1931-12-16,702.309.5990x9368
Lyons,George,1949-12-04,2170273515
White,Michael,1982-12-26,667.596.3602x817
Huynh,Daniel,1971-01-22,509-711-3568x1878
Pope,Mindy,1933-10-26,682-772-4495
Griffin,Brian,1926-09-11,870.112.5406
Romero,Monica,1930-10-30,571.858.0493
Mitchell,Shelby,1931-02-08,543-617-0841
Nunez,Jacqueline,1975-05-30,(467)553-7966x319
Williams,William,1968-10-16,0951761912
Thomas,Ronald,1970-03-23,419-033-8096
Oneal,Ashley,1950-05-30,712-037-0084x57201
Conner,Vincent,1989-12-01,(644)018-2523
Miller,Melvin,1977-04-06,0574590415
Carter,Chad,1941-05-16,(434)500-3572x335
Gonzalez,Susan,2019-11-19,001-661-629-9178x6174
Torres,Kayla,1943-11-07,(119)209-8526
Williams,Tyler,1953-07-07,509-804-7115
Hunt,Scott,1950-04-04,159.191.0039
White,Cameron,1963-12-31,008.056.2126
Todd,Colton,1949-07-01,9175381007
Lowe,Michael,1934-08-09,491-903-7893x7374
Randolph,Melvin,1997-07-28,7953587657
Butler,Steven,2015-04-26,717-714-7329x4613
Rivera,Michael,1983-12-05,426.051.4246x70880
Carpenter,Chase,1940-09-24,+1-269-611-4286
Jones,Virginia,1963-01-10,584-613-8398x6264
Price,Chad,2006-10-28,+1-948-656-4064x185
Mcdonald,Paul,1998-01-16,+1-710-440-8361x94099
Miller,Angela,1933-11-15,115.910.7957
Moore,David,1986-08-18,936.159.4765
Bennett,Kathleen,2005-09-23,234.142.6394x97913
Valdez,Kimberly,1987-10-12,036.554.8764
Miller,Robert,1928-10-05,070-385-5290
Reynolds,Sandra,1966-09-12,(617)453-0185
Ray,Ann,1916-10-28,001-816-372-3389x802
Rodriguez,Denise,2008-12-25,(529)122-3871
Martinez,Summer,1943-10-31,001-496-655-3591x925
Roberts,George,1997-01-26,001-382-629-6451x6401
Porter,Regina,1965-03-02,(983)120-1300
Nichols,Mark,1989-06-20,708-884-1576x052
Wu,Stacy,1972-03-05,629-899-2373
Huynh,Tim,1938-11-11,721-889-0566x969
Hoover,Dawn,1978-01-23,001-811-049-4939
Jones,Scott,2006-06-03,(368)647-4755
Fuentes,Eugene,2018-04-23,093-571-5098x27160
Castillo,Lynn,1926-06-27,367.294.3009x0479
Chase,Maria,1987-08-28,137-893-3634
Palmer,Richard,1919-07-04,001-786-612-4951
Fernandez,Stephen,1955-06-29,+1-466-725-2997x5402
Sloan,James,1929-08-15,325-407-2671
Reyes,Kristopher,1999-11-08,180.587.3493
Kelly,Dawn,2003-09-26,001-500-314-4805x31056
Lindsey,Brian,1934-12-17,+1-708-383-8112x568
Fleming,Megan,1986-06-12,001-344-734-1854x01864
Hatfield,Carolyn,1918-11-17,+1-674-415-4069x423
Griffith,Robert,1908-03-18,303-214-9215x54151
Meza,Crystal,1947-09-19,377.253.2573x20348
Escobar,Jonathan,1991-02-02,670-407-6792
Meadows,Elizabeth,1913-05-08,(025)390-0900x454
Acosta,Thomas,1978-04-05,540.263.2317x7341
Patel,Mark,2016-09-20,550.463.1590x9393
Smith,Rachel,1927-12-10,313-526-5195
Garcia,Joseph,1909-12-18,1886969989
Anderson,Tiffany,1952-09-06,001-328-984-4714x829
Arnold,Dustin,1925-04-01,+1-799-336-3633x93346
